sure	ayet	kelime_no	segment_no	form_buckwalter	form_arapca	lem	pos	features	ayet_osmani	ayet_harekesiz
2	265	13	2	rabowapK	رَبْوَةٍ	rabowap	N	STEM|POS:N|LEM:rabowap|ROOT:rbw|F|INDEF|GEN	وَمَثَلُ ٱلَّذِينَ يُنفِقُونَ أَمْوَٰلَهُمُ ٱبْتِغَآءَ مَرْضَاتِ ٱللَّهِ وَتَثْبِيتًا مِّنْ أَنفُسِهِمْ كَمَثَلِ جَنَّةٍۭ بِرَبْوَةٍ أَصَابَهَا وَابِلٌ فَـَٔاتَتْ أُكُلَهَا ضِعْفَيْنِ فَإِن لَّمْ يُصِبْهَا وَابِلٌ فَطَلٌّ وَٱللَّهُ بِمَا تَعْمَلُونَ بَصِيرٌ	ومثل الذين ينفقون أموالهم ابتغاء مرضات الله وتثبيتا من أنفسهم كمثل جنة بربوة أصابها وابل فآتت أكلها ضعفين فإن لم يصبها وابل فطل والله بما تعملون بصير
2	275	3	2	r~ibaw`A@	رِّبَوٰا@	r~ibaw`A	N	STEM|POS:N|LEM:r~ibaw`A|ROOT:rbw|M|ACC	ٱلَّذِينَ يَأْكُلُونَ ٱلرِّبَوٰا۟ لَا يَقُومُونَ إِلَّا كَمَا يَقُومُ ٱلَّذِى يَتَخَبَّطُهُ ٱلشَّيْطَٰنُ مِنَ ٱلْمَسِّ ذَٰلِكَ بِأَنَّهُمْ قَالُوٓا۟ إِنَّمَا ٱلْبَيْعُ مِثْلُ ٱلرِّبَوٰا۟ وَأَحَلَّ ٱللَّهُ ٱلْبَيْعَ وَحَرَّمَ ٱلرِّبَوٰا۟ فَمَن جَآءَهُۥ مَوْعِظَةٌ مِّن رَّبِّهِۦ فَٱنتَهَىٰ فَلَهُۥ مَا سَلَفَ وَأَمْرُهُۥٓ إِلَى ٱللَّهِ وَمَنْ عَادَ فَأُو۟لَٰٓئِكَ أَصْحَٰبُ ٱلنَّارِ هُمْ فِيهَا خَٰلِدُونَ	الذين يأكلون الربا لا يقومون إلا كما يقوم الذي يتخبطه الشيطان من المس ذلك بأنهم قالوا إنما البيع مثل الربا وأحل الله البيع وحرم الربا فمن جاءه موعظة من ربه فانتهى فله ما سلف وأمره إلى الله ومن عاد فأولئك أصحاب النار هم فيها خالدون
2	275	20	2	r~ibaw`A@	رِّبَوٰا@	r~ibaw`A	N	STEM|POS:N|LEM:r~ibaw`A|ROOT:rbw|M|GEN	ٱلَّذِينَ يَأْكُلُونَ ٱلرِّبَوٰا۟ لَا يَقُومُونَ إِلَّا كَمَا يَقُومُ ٱلَّذِى يَتَخَبَّطُهُ ٱلشَّيْطَٰنُ مِنَ ٱلْمَسِّ ذَٰلِكَ بِأَنَّهُمْ قَالُوٓا۟ إِنَّمَا ٱلْبَيْعُ مِثْلُ ٱلرِّبَوٰا۟ وَأَحَلَّ ٱللَّهُ ٱلْبَيْعَ وَحَرَّمَ ٱلرِّبَوٰا۟ فَمَن جَآءَهُۥ مَوْعِظَةٌ مِّن رَّبِّهِۦ فَٱنتَهَىٰ فَلَهُۥ مَا سَلَفَ وَأَمْرُهُۥٓ إِلَى ٱللَّهِ وَمَنْ عَادَ فَأُو۟لَٰٓئِكَ أَصْحَٰبُ ٱلنَّارِ هُمْ فِيهَا خَٰلِدُونَ	الذين يأكلون الربا لا يقومون إلا كما يقوم الذي يتخبطه الشيطان من المس ذلك بأنهم قالوا إنما البيع مثل الربا وأحل الله البيع وحرم الربا فمن جاءه موعظة من ربه فانتهى فله ما سلف وأمره إلى الله ومن عاد فأولئك أصحاب النار هم فيها خالدون
2	275	25	2	r~ibaw`A@	رِّبَوٰا@	r~ibaw`A	N	STEM|POS:N|LEM:r~ibaw`A|ROOT:rbw|M|ACC	ٱلَّذِينَ يَأْكُلُونَ ٱلرِّبَوٰا۟ لَا يَقُومُونَ إِلَّا كَمَا يَقُومُ ٱلَّذِى يَتَخَبَّطُهُ ٱلشَّيْطَٰنُ مِنَ ٱلْمَسِّ ذَٰلِكَ بِأَنَّهُمْ قَالُوٓا۟ إِنَّمَا ٱلْبَيْعُ مِثْلُ ٱلرِّبَوٰا۟ وَأَحَلَّ ٱللَّهُ ٱلْبَيْعَ وَحَرَّمَ ٱلرِّبَوٰا۟ فَمَن جَآءَهُۥ مَوْعِظَةٌ مِّن رَّبِّهِۦ فَٱنتَهَىٰ فَلَهُۥ مَا سَلَفَ وَأَمْرُهُۥٓ إِلَى ٱللَّهِ وَمَنْ عَادَ فَأُو۟لَٰٓئِكَ أَصْحَٰبُ ٱلنَّارِ هُمْ فِيهَا خَٰلِدُونَ	الذين يأكلون الربا لا يقومون إلا كما يقوم الذي يتخبطه الشيطان من المس ذلك بأنهم قالوا إنما البيع مثل الربا وأحل الله البيع وحرم الربا فمن جاءه موعظة من ربه فانتهى فله ما سلف وأمره إلى الله ومن عاد فأولئك أصحاب النار هم فيها خالدون
2	276	3	2	r~ibaw`A@	رِّبَوٰا@	r~ibaw`A	N	STEM|POS:N|LEM:r~ibaw`A|ROOT:rbw|M|ACC	يَمْحَقُ ٱللَّهُ ٱلرِّبَوٰا۟ وَيُرْبِى ٱلصَّدَقَٰتِ وَٱللَّهُ لَا يُحِبُّ كُلَّ كَفَّارٍ أَثِيمٍ	يمحق الله الربا ويربي الصدقات والله لا يحب كل كفار أثيم
2	276	4	2	yurobiY	يُرْبِى	>arobaY`	V	STEM|POS:V|IMPF|(IV)|LEM:>arobaY`|ROOT:rbw|3MS	يَمْحَقُ ٱللَّهُ ٱلرِّبَوٰا۟ وَيُرْبِى ٱلصَّدَقَٰتِ وَٱللَّهُ لَا يُحِبُّ كُلَّ كَفَّارٍ أَثِيمٍ	يمحق الله الربا ويربي الصدقات والله لا يحب كل كفار أثيم
2	278	10	2	r~ibaw`^A@	رِّبَوٰ^ا@	r~ibaw`A	N	STEM|POS:N|LEM:r~ibaw`A|ROOT:rbw|M|GEN	يَٰٓأَيُّهَا ٱلَّذِينَ ءَامَنُوا۟ ٱتَّقُوا۟ ٱللَّهَ وَذَرُوا۟ مَا بَقِىَ مِنَ ٱلرِّبَوٰٓا۟ إِن كُنتُم مُّؤْمِنِينَ	يا أيها الذين آمنوا اتقوا الله وذروا ما بقي من الربا إن كنتم مؤمنين
3	130	6	2	r~ibaw`^A@	رِّبَوٰ^ا@	r~ibaw`A	N	STEM|POS:N|LEM:r~ibaw`A|ROOT:rbw|M|ACC	يَٰٓأَيُّهَا ٱلَّذِينَ ءَامَنُوا۟ لَا تَأْكُلُوا۟ ٱلرِّبَوٰٓا۟ أَضْعَٰفًا مُّضَٰعَفَةً وَٱتَّقُوا۟ ٱللَّهَ لَعَلَّكُمْ تُفْلِحُونَ	يا أيها الذين آمنوا لا تأكلوا الربا أضعافا مضاعفة واتقوا الله لعلكم تفلحون
4	161	2	2	r~ibaw`A@	رِّبَوٰا@	r~ibaw`A	N	STEM|POS:N|LEM:r~ibaw`A|ROOT:rbw|M|GEN	وَأَخْذِهِمُ ٱلرِّبَوٰا۟ وَقَدْ نُهُوا۟ عَنْهُ وَأَكْلِهِمْ أَمْوَٰلَ ٱلنَّاسِ بِٱلْبَٰطِلِ وَأَعْتَدْنَا لِلْكَٰفِرِينَ مِنْهُمْ عَذَابًا أَلِيمًا	وأخذهم الربا وقد نهوا عنه وأكلهم أموال الناس بالباطل وأعتدنا للكافرين منهم عذابا أليما
13	17	11	1	r~aAbiyFA	رَّابِيًا	r~aAbiy	N	STEM|POS:N|ACT|PCPL|LEM:r~aAbiy|ROOT:rbw|M|INDEF|ACC	أَنزَلَ مِنَ ٱلسَّمَآءِ مَآءً فَسَالَتْ أَوْدِيَةٌۢ بِقَدَرِهَا فَٱحْتَمَلَ ٱلسَّيْلُ زَبَدًا رَّابِيًا وَمِمَّا يُوقِدُونَ عَلَيْهِ فِى ٱلنَّارِ ٱبْتِغَآءَ حِلْيَةٍ أَوْ مَتَٰعٍ زَبَدٌ مِّثْلُهُۥ كَذَٰلِكَ يَضْرِبُ ٱللَّهُ ٱلْحَقَّ وَٱلْبَٰطِلَ فَأَمَّا ٱلزَّبَدُ فَيَذْهَبُ جُفَآءً وَأَمَّا مَا يَنفَعُ ٱلنَّاسَ فَيَمْكُثُ فِى ٱلْأَرْضِ كَذَٰلِكَ يَضْرِبُ ٱللَّهُ ٱلْأَمْثَالَ	أنزل من السماء ماء فسالت أودية بقدرها فاحتمل السيل زبدا رابيا ومما يوقدون عليه في النار ابتغاء حلية أو متاع زبد مثله كذلك يضرب الله الحق والباطل فأما الزبد فيذهب جفاء وأما ما ينفع الناس فيمكث في الأرض كذلك يضرب الله الأمثال
16	92	18	1	>arobaY`	أَرْبَىٰ	>arobaY`	V	STEM|POS:V|PERF|(IV)|LEM:>arobaY`|ROOT:rbw|3MS	وَلَا تَكُونُوا۟ كَٱلَّتِى نَقَضَتْ غَزْلَهَا مِنۢ بَعْدِ قُوَّةٍ أَنكَٰثًا تَتَّخِذُونَ أَيْمَٰنَكُمْ دَخَلًۢا بَيْنَكُمْ أَن تَكُونَ أُمَّةٌ هِىَ أَرْبَىٰ مِنْ أُمَّةٍ إِنَّمَا يَبْلُوكُمُ ٱللَّهُ بِهِۦ وَلَيُبَيِّنَنَّ لَكُمْ يَوْمَ ٱلْقِيَٰمَةِ مَا كُنتُمْ فِيهِ تَخْتَلِفُونَ	ولا تكونوا كالتي نقضت غزلها من بعد قوة أنكاثا تتخذون أيمانكم دخلا بينكم أن تكون أمة هي أربى من أمة إنما يبلوكم الله به وليبينن لكم يوم القيامة ما كنتم فيه تختلفون
17	24	11	1	rab~aya	رَبَّيَ	rab~aya	V	STEM|POS:V|PERF|(II)|LEM:rab~aya|ROOT:rbw|3MD	وَٱخْفِضْ لَهُمَا جَنَاحَ ٱلذُّلِّ مِنَ ٱلرَّحْمَةِ وَقُل رَّبِّ ٱرْحَمْهُمَا كَمَا رَبَّيَانِى صَغِيرًا	واخفض لهما جناح الذل من الرحمة وقل رب ارحمهما كما ربياني صغيرا
22	5	64	2	rabato	رَبَتْ	rabato	V	STEM|POS:V|PERF|LEM:rabato|ROOT:rbw|3FS	يَٰٓأَيُّهَا ٱلنَّاسُ إِن كُنتُمْ فِى رَيْبٍ مِّنَ ٱلْبَعْثِ فَإِنَّا خَلَقْنَٰكُم مِّن تُرَابٍ ثُمَّ مِن نُّطْفَةٍ ثُمَّ مِنْ عَلَقَةٍ ثُمَّ مِن مُّضْغَةٍ مُّخَلَّقَةٍ وَغَيْرِ مُخَلَّقَةٍ لِّنُبَيِّنَ لَكُمْ وَنُقِرُّ فِى ٱلْأَرْحَامِ مَا نَشَآءُ إِلَىٰٓ أَجَلٍ مُّسَمًّى ثُمَّ نُخْرِجُكُمْ طِفْلًا ثُمَّ لِتَبْلُغُوٓا۟ أَشُدَّكُمْ وَمِنكُم مَّن يُتَوَفَّىٰ وَمِنكُم مَّن يُرَدُّ إِلَىٰٓ أَرْذَلِ ٱلْعُمُرِ لِكَيْلَا يَعْلَمَ مِنۢ بَعْدِ عِلْمٍ شَيْـًٔا وَتَرَى ٱلْأَرْضَ هَامِدَةً فَإِذَآ أَنزَلْنَا عَلَيْهَا ٱلْمَآءَ ٱهْتَزَّتْ وَرَبَتْ وَأَنۢبَتَتْ مِن كُلِّ زَوْجٍۭ بَهِيجٍ	يا أيها الناس إن كنتم في ريب من البعث فإنا خلقناكم من تراب ثم من نطفة ثم من علقة ثم من مضغة مخلقة وغير مخلقة لنبين لكم ونقر في الأرحام ما نشاء إلى أجل مسمى ثم نخرجكم طفلا ثم لتبلغوا أشدكم ومنكم من يتوفى ومنكم من يرد إلى أرذل العمر لكيلا يعلم من بعد علم شيئا وترى الأرض هامدة فإذا أنزلنا عليها الماء اهتزت وربت وأنبتت من كل زوج بهيج
23	50	8	1	rabowapK	رَبْوَةٍ	rabowap	N	STEM|POS:N|LEM:rabowap|ROOT:rbw|F|INDEF|GEN	وَجَعَلْنَا ٱبْنَ مَرْيَمَ وَأُمَّهُۥٓ ءَايَةً وَءَاوَيْنَٰهُمَآ إِلَىٰ رَبْوَةٍ ذَاتِ قَرَارٍ وَمَعِينٍ	وجعلنا ابن مريم وأمه آية وآويناهما إلى ربوة ذات قرار ومعين
26	18	3	1	nurab~i	نُرَبِّ	rab~aya	V	STEM|POS:V|IMPF|(II)|LEM:rab~aya|ROOT:rbw|1P|MOOD:JUS	قَالَ أَلَمْ نُرَبِّكَ فِينَا وَلِيدًا وَلَبِثْتَ فِينَا مِنْ عُمُرِكَ سِنِينَ	قال ألم نربك فينا وليدا ولبثت فينا من عمرك سنين
30	39	4	1	r~ibFA	رِّبًا	r~ib	N	STEM|POS:N|LEM:r~ib|ROOT:rbw|M|INDEF|GEN	وَمَآ ءَاتَيْتُم مِّن رِّبًا لِّيَرْبُوَا۟ فِىٓ أَمْوَٰلِ ٱلنَّاسِ فَلَا يَرْبُوا۟ عِندَ ٱللَّهِ وَمَآ ءَاتَيْتُم مِّن زَكَوٰةٍ تُرِيدُونَ وَجْهَ ٱللَّهِ فَأُو۟لَٰٓئِكَ هُمُ ٱلْمُضْعِفُونَ	وما آتيتم من ربا ليربو في أموال الناس فلا يربو عند الله وما آتيتم من زكاة تريدون وجه الله فأولئك هم المضعفون
30	39	5	2	yarobuwaA@	يَرْبُوَا@	rabato	V	STEM|POS:V|IMPF|LEM:rabato|ROOT:rbw|3MS|MOOD:SUBJ	وَمَآ ءَاتَيْتُم مِّن رِّبًا لِّيَرْبُوَا۟ فِىٓ أَمْوَٰلِ ٱلنَّاسِ فَلَا يَرْبُوا۟ عِندَ ٱللَّهِ وَمَآ ءَاتَيْتُم مِّن زَكَوٰةٍ تُرِيدُونَ وَجْهَ ٱللَّهِ فَأُو۟لَٰٓئِكَ هُمُ ٱلْمُضْعِفُونَ	وما آتيتم من ربا ليربو في أموال الناس فلا يربو عند الله وما آتيتم من زكاة تريدون وجه الله فأولئك هم المضعفون
30	39	10	1	yarobuwA@	يَرْبُوا@	rabato	V	STEM|POS:V|IMPF|LEM:rabato|ROOT:rbw|3MS	وَمَآ ءَاتَيْتُم مِّن رِّبًا لِّيَرْبُوَا۟ فِىٓ أَمْوَٰلِ ٱلنَّاسِ فَلَا يَرْبُوا۟ عِندَ ٱللَّهِ وَمَآ ءَاتَيْتُم مِّن زَكَوٰةٍ تُرِيدُونَ وَجْهَ ٱللَّهِ فَأُو۟لَٰٓئِكَ هُمُ ٱلْمُضْعِفُونَ	وما آتيتم من ربا ليربو في أموال الناس فلا يربو عند الله وما آتيتم من زكاة تريدون وجه الله فأولئك هم المضعفون
41	39	12	2	rabato	رَبَتْ	rabato	V	STEM|POS:V|PERF|LEM:rabato|ROOT:rbw|3FS	وَمِنْ ءَايَٰتِهِۦٓ أَنَّكَ تَرَى ٱلْأَرْضَ خَٰشِعَةً فَإِذَآ أَنزَلْنَا عَلَيْهَا ٱلْمَآءَ ٱهْتَزَّتْ وَرَبَتْ إِنَّ ٱلَّذِىٓ أَحْيَاهَا لَمُحْىِ ٱلْمَوْتَىٰٓ إِنَّهُۥ عَلَىٰ كُلِّ شَىْءٍ قَدِيرٌ	ومن آياته أنك ترى الأرض خاشعة فإذا أنزلنا عليها الماء اهتزت وربت إن الذي أحياها لمحيي الموتى إنه على كل شيء قدير
69	10	6	1	r~aAbiyapF	رَّابِيَةً	r~aAbiyap	ADJ	STEM|POS:ADJ|ACT|PCPL|LEM:r~aAbiyap|ROOT:rbw|F|INDEF|ACC	فَعَصَوْا۟ رَسُولَ رَبِّهِمْ فَأَخَذَهُمْ أَخْذَةً رَّابِيَةً	فعصوا رسول ربهم فأخذهم أخذة رابية
